{"created": 1768030622.690123, "duration": 140.53587675094604, "exitcode": 1, "root": "/app", "environment": {}, "summary": {"passed": 2275, "skipped": 26, "failed": 56, "total": 2357, "collected": 2357}}